{"cameraMode":{"drawMode":0,"name":"Shaded","section":"Shading Mode"},"sceneLighting":true,"audioPlay":false,"sceneViewState":{"showFog":true,"showMaterialUpdate":false,"showSkybox":true,"showFlares":true,"showImageEffects":true,"showParticleSystems":true},"in2DMode":false,"pivot":{"x":-0.029302865266799928,"y":0.7543293237686157,"z":0.16936969757080079},"rotation":{"x":-0.0035105834249407055,"y":0.9963170289993286,"z":-0.06916563212871552,"w":-0.05055834352970123},"size":2.054765462875366,"orthographic":false}